{
    "sensor_abs": [
        [
            0.6301513970977217,
            0.9226411225941502,
            0.05596712524000569
        ],
        [
            0.608286787620004,
            0.2549442362682961,
            0.8733667505437033
        ],
        [
            0.598001182010242,
            0.16393895062088093,
            0.8542955012219002
        ],
        [
            0.10899192146593861,
            0.5316267609688818,
            0.4548611095983438
        ],
        [
            0.7850217609358747,
            0.7171050384464234,
            0.7105495018472787
        ]
    ],
    "sensor_dir_change_onsets": [
        100,
        500,
        900
    ],
    "sensor_onsets": [
        200,
        600,
        1000,
        1400
    ],
    "tempo_data_maxmethod": {
        "estimated_beat_pulse": [
            0.5,
            1.0,
            1.5,
            2.0
        ],
        "tempo_curve": [
            120,
            125,
            130,
            128
        ],
        "tempo_curve_time_axis": [
            0,
            1,
            2,
            3
        ],
        "mag_arr": [
            0.8,
            0.9,
            0.85,
            0.87
        ],
        "bpm_arr": [
            120,
            122,
            121,
            123
        ]
    }
}